,id,name,url,width,height,box_count,captions
0,371619279,Megamind no bitches,https://i.imgflip.com/65939r.jpg,674,734,2,0
1,370867422,Megamind peeking,https://i.imgflip.com/64sz4u.png,540,540,2,0
2,342785297,Gus Fring we are not the same,https://i.imgflip.com/5o32tt.png,700,1000,3,0
3,322841258,Anakin Padme 4 Panel,https://i.imgflip.com/5c7lwq.png,768,768,3,0
4,316989420,Average Fan vs Average Enjoyer,https://i.imgflip.com/58q6lo.png,708,720,2,0
5,316466202,where monkey,https://i.imgflip.com/58eyvu.png,1113,629,2,0
6,313581692,"Gentlemen, it is with great pleasure to inform you that",https://i.imgflip.com/56p56k.jpg,1400,1400,2,0
7,309868304,Trade Offer,https://i.imgflip.com/54hjww.jpg,607,794,3,0
8,284929871,They don't know,https://i.imgflip.com/4pn1an.png,671,673,2,0
9,259237855,Laughing Leo,https://i.imgflip.com/4acd7j.png,470,470,2,0
10,252758727,Mother Ignoring Kid Drowning In A Pool,https://i.imgflip.com/46hhvr.jpg,782,1032,4,0
11,252600902,Always Has Been,https://i.imgflip.com/46e43q.png,960,540,2,0
12,249257686,Bugs bunny communist,https://i.imgflip.com/44eggm.png,460,284,2,0
13,247375501,Buff Doge vs. Cheems,https://i.imgflip.com/43a45p.png,937,720,4,0
14,247113703,A train hitting a school bus,https://i.imgflip.com/434i5j.png,920,1086,2,0
15,234202281,AJ Styles & Undertaker,https://i.imgflip.com/3vfrmx.jpg,933,525,2,0
16,226297822,Panik Kalm Panik,https://i.imgflip.com/3qqcim.png,640,881,3,0
17,224514655,Anime Girl Hiding from Terminator,https://i.imgflip.com/3po4m7.jpg,581,633,2,0
18,224015000,Bernie Sanders Once Again Asking,https://i.imgflip.com/3pdf2w.png,926,688,2,0
19,222403160,Bernie I Am Once Again Asking For Your Support,https://i.imgflip.com/3oevdk.jpg,750,750,2,0
20,221578498,Grant Gustin over grave,https://i.imgflip.com/3nx72a.png,500,475,2,0
21,217743513,UNO Draw 25 Cards,https://i.imgflip.com/3lmzyx.jpg,500,494,2,0
22,216523697,All My Homies Hate,https://i.imgflip.com/3kwur5.jpg,680,615,2,0
23,196652226,Spongebob Ight Imma Head Out,https://i.imgflip.com/392xtu.jpg,822,960,2,0
24,195515965,Clown Applying Makeup,https://i.imgflip.com/38el31.jpg,750,798,4,0
25,189601074,Brain Before Sleep,https://i.imgflip.com/34vt4i.jpg,318,320,3,0
26,188390779,Woman Yelling At Cat,https://i.imgflip.com/345v97.jpg,680,438,2,0
27,187102311,Three-headed Dragon,https://i.imgflip.com/33e92f.jpg,680,544,4,0
28,181913649,Drake Hotline Bling,https://i.imgflip.com/30b1gx.jpg,1200,1200,2,0
29,180190441,They're The Same Picture,https://i.imgflip.com/2za3u1.jpg,1363,1524,3,0
30,178591752,Tuxedo Winnie The Pooh,https://i.imgflip.com/2ybua0.png,800,582,2,0
31,177984372,What Gives People Feelings of Power,https://i.imgflip.com/2xytmc.jpg,960,851,2,0
32,177682295,You Guys are Getting Paid,https://i.imgflip.com/2xscjb.png,520,358,2,0
33,175540452,Unsettled Tom,https://i.imgflip.com/2wifvo.jpg,680,550,2,0
34,171305372,Soldier protecting sleeping child,https://i.imgflip.com/2tzo2k.jpg,540,440,3,0
35,166969924,Flex Tape,https://i.imgflip.com/2reqtg.png,510,572,3,0
36,162372564,Domino Effect,https://i.imgflip.com/2oo7h0.jpg,820,565,2,0
37,161865971,Marked Safe From,https://i.imgflip.com/2odckz.jpg,618,499,2,0
38,155067746,Surprised Pikachu,https://i.imgflip.com/2kbn1e.jpg,1893,1893,3,0
39,153695877,the office congratulations,https://i.imgflip.com/2ji8hx.jpg,521,496,2,0
40,148909805,Monkey Puppet,https://i.imgflip.com/2gnnjh.jpg,923,768,2,0
41,142009471,is this butterfly,https://i.imgflip.com/2cjr7j.jpg,1587,1425,3,0
42,140667789,elmo cocaine,https://i.imgflip.com/2bqzyl.jpg,320,320,5,0
43,139971723,Spongebob Burning Paper,https://i.imgflip.com/2bc2vf.jpg,560,678,3,0
44,137501417,Friendship ended,https://i.imgflip.com/29v4rt.jpg,800,600,2,0
45,135678846,Who Killed Hannibal,https://i.imgflip.com/28s2gu.jpg,1280,1440,3,0
46,135256802,Epic Handshake,https://i.imgflip.com/28j0te.jpg,900,645,3,0
47,134797956,American Chopper Argument,https://i.imgflip.com/2896ro.jpg,640,1800,5,0
48,132769734,Hard To Swallow Pills,https://i.imgflip.com/271ps6.jpg,680,979,2,0
49,131940431,Gru's Plan,https://i.imgflip.com/26jxvz.jpg,700,449,4,0
50,131087935,Running Away Balloon,https://i.imgflip.com/261o3j.jpg,761,1024,5,0
51,129242436,Change My Mind,https://i.imgflip.com/24y43o.jpg,482,361,2,0
52,128455510,Valentine's Day Card Meme,https://i.imgflip.com/24h8wm.jpg,640,351,2,0
53,124822590,Left Exit 12 Off Ramp,https://i.imgflip.com/22bdq6.jpg,804,767,3,0
54,124055727,Y'all Got Any More Of That,https://i.imgflip.com/21uy0f.jpg,600,471,2,0
55,123999232,The Scroll Of Truth,https://i.imgflip.com/21tqf4.jpg,1280,1236,2,0
56,119215120,Types of Headaches meme,https://i.imgflip.com/1yz6z4.jpg,483,497,2,0
57,119139145,Blank Nut Button,https://i.imgflip.com/1yxkcp.jpg,600,446,2,0
58,114585149,Inhaling Seagull,https://i.imgflip.com/1w7ygt.jpg,1269,2825,4,0
59,112126428,Distracted Boyfriend,https://i.imgflip.com/1ur9b0.jpg,1200,800,3,0
60,110163934,I Bet He's Thinking About Other Women,https://i.imgflip.com/1tl71a.jpg,1654,930,2,0
61,110133729,spiderman pointing at spiderman,https://i.imgflip.com/1tkjq9.jpg,800,450,2,0
62,102156234,Mocking Spongebob,https://i.imgflip.com/1otk96.jpg,502,353,2,0
63,101956210,Whisper and Goosebumps,https://i.imgflip.com/1op9wy.jpg,600,600,2,0
64,100777631,Is This A Pigeon,https://i.imgflip.com/1o00in.jpg,1587,1425,3,0
65,99683372,Sleeping Shaq,https://i.imgflip.com/1nck6k.jpg,640,631,2,0
66,93895088,Expanding Brain,https://i.imgflip.com/1jwhww.jpg,857,1202,4,0
67,91998305,Drake Blank,https://i.imgflip.com/1iruch.jpg,717,717,2,0
68,91545132,Trump Bill Signing,https://i.imgflip.com/1ii4oc.jpg,1866,1529,2,0
69,91538330,"X, X Everywhere",https://i.imgflip.com/1ihzfe.jpg,2118,1440,2,0
70,89370399,Roll Safe Think About It,https://i.imgflip.com/1h7in3.jpg,702,395,2,0
71,87743020,Two Buttons,https://i.imgflip.com/1g8my4.jpg,600,908,3,0
72,84341851,Evil Kermit,https://i.imgflip.com/1e7ql7.jpg,700,325,2,0
73,80707627,Sad Pablo Escobar,https://i.imgflip.com/1c1uej.jpg,720,709,3,0
74,79132341,Bike Fall,https://i.imgflip.com/1b42wl.jpg,500,680,3,0
75,77045868,Pawn Stars Best I Can Do,https://i.imgflip.com/19vcz0.jpg,624,352,2,0
76,72525473,say the line bart! simpsons,https://i.imgflip.com/176h0h.jpg,395,650,3,0
77,67452763,Squidward window,https://i.imgflip.com/145qvv.jpg,598,420,2,0
78,58045129,Dad Joke Meme,https://i.imgflip.com/yk3wp.jpg,960,720,2,0
79,55311130,This Is Fine,https://i.imgflip.com/wxica.jpg,580,282,2,0
80,50421420,Disappointed Black Guy,https://i.imgflip.com/u0pf0.jpg,1172,756,2,0
81,29617627,Look At Me,https://i.imgflip.com/hmt3v.jpg,300,300,2,0
82,28251713,Oprah You Get A,https://i.imgflip.com/gtj5t.jpg,620,465,2,0
83,27813981,Hide the Pain Harold,https://i.imgflip.com/gk5el.jpg,480,601,2,0
84,8072285,Doge,https://i.imgflip.com/4t0m5.jpg,620,620,5,0
85,6235864,Finding Neverland,https://i.imgflip.com/3pnmg.jpg,423,600,3,0
86,5496396,Leonardo Dicaprio Cheers,https://i.imgflip.com/39t1o.jpg,600,400,2,0
87,4087833,Waiting Skeleton,https://i.imgflip.com/2fm6x.jpg,298,403,2,0
88,3218037,This Is Where I'd Put My Trophy If I Had One,https://i.imgflip.com/1wz1x.jpg,300,418,2,0
89,1035805,Boardroom Meeting Suggestion,https://i.imgflip.com/m78d.jpg,500,649,4,0
90,438680,Batman Slapping Robin,https://i.imgflip.com/9ehk.jpg,400,387,2,0
91,101470,Ancient Aliens,https://i.imgflip.com/26am.jpg,500,437,2,0
92,101288,Third World Skeptical Kid,https://i.imgflip.com/265k.jpg,426,426,2,0
93,97984,Disaster Girl,https://i.imgflip.com/23ls.jpg,500,375,2,0
94,61579,One Does Not Simply,https://i.imgflip.com/1bij.jpg,568,335,2,0
95,61556,Grandma Finds The Internet,https://i.imgflip.com/1bhw.jpg,640,480,2,0
96,61544,Success Kid,https://i.imgflip.com/1bhk.jpg,500,500,2,0
97,61532,The Most Interesting Man In The World,https://i.imgflip.com/1bh8.jpg,550,690,2,0
98,61520,Futurama Fry,https://i.imgflip.com/1bgw.jpg,552,414,2,0
99,21735,The Rock Driving,https://i.imgflip.com/grr.jpg,568,700,2,0
